AB,CALGARY,10857 84TH STREET SE,T2C,203,(403)290-1045,(403)265-8408
AB,NISKU,3175 4TH STREET,T9E,204,(780)955-5596,(780)955-5963
AK,ANCHORAGE,401 W CHIPPERFIELD DR,99501,113,(907) 278-2221,(907) 278-2363
AL,EIGHT MILE,4763 LOTT ROAD,36613,58,(251) 649-5011,(251) 649-5012
AL,HUEYTOWN,3101 DAVEY ALLISON BLVD,35023,136,(205) 424-0257,(205) 424-0955
AL,MONTGOMERY,6044 TROY HIGHWAY,36116,145,(334) 281-7264,(334) 613-9989
AL,TANNER,20760 SANDY ROAD,35671,66,(256) 306-9041,(256) 580-2942
AR,CONWAY,703 MAIN ST,72032,21,(501) 796-2812,(501) 796-3131
AR,PRAIRIE GROVE,15976 BILL CAMPBELL ROAD,72753,140,(479) 846-1244,(479) 846-1249
AZ,PHOENIX,615 SO. 51ST AVENUE,85043,47,(602) 484-7075,(602) 484-7074
AZ,TUCSON,5600 S. ARCADIA AVENUE,85706,93,(520) 663-1900,(520) 663-1955
BH,SAAR,PLOT 05024924,,480,(013)609-090,(013)609-099
CA,BAKERSFIELD,2216 COY AVENUE,93307,5,(661) 834-2556,(661) 834-1563
CA,COLTON,1203 S. RANCHO AVENUE,92324,7,(909) 825-7600,(909) 825-6528
CA,FRESNO,1255 EAST CENTRAL,93725,4,(559) 266-6400,(559) 266-5202
CA,HAYWARD,1964 SABRE STREET,94545,3,(510) 783-6411,(510) 783-3883
CA,LOS ANGELES,8423 SOUTH ALAMEDA,90001,10,(323) 583-1713,(323) 583-8642
CA,MARTINEZ,2701 WATERFRONT ROAD,94553,78,(925) 370-3900,(925) 370-3925
CA,RANCHO CUCAMONGA,12167 ARROW ROUTE,91739,97,(909) 581-3595,(909) 581-3564
CA,SACRAMENTO,8687 WEYAND ROAD,95828,16,(916) 381-5050,(916) 381-0524
CA,SACRAMENTO,8600 MORRISON CREEK DRIVE,95828,2,(916) 381-3999,(916) 381-4159
CA,SAN DIEGO,7847 AIRWAY ROAD,92154,59,(619) 671-0900,(619) 671-0965
CA,SAN MARTIN,13895 LLAGAS AVENUE,95046,6,(408) 683-9393,(408) 683-9411
CA,VALLEJO,282 FIFTH STREET,94950,1,(707) 644-4468,(707) 644-1729
CA,VAN NUYS,7519 WOODMAN AVENUE,91405,43,(818) 782-5315,(818) 782-5318
CO,BRIGHTON,1281 COUNTY ROAD 27,80603,68,(303) 659-0066,(303) 659-8113
CO,COLORADO SPRINGS,3701 N. NEVADA AVE,80907,118,(719) 227-6256,(719) 227-3666
CO,DENVER,6464 DOWNING STREET,80229,120,(303) 289-5242,(303) 289-5240
CT,NEW BRITAIN,138 CHRISTIAN LANE,6051,23,(860) 666-1183,(860) 667-2630
DE,SEAFORD,26029 BETHEL CONCORD ROAD,19973,130,(302) 628-5412,(302) 628-5418
FL,FORT PIERCE,2601 CENTER ROAD,34946,86,(772) 461-6110,(772) 461-6499
FL,HOMESTEAD,301 SW 137TH AVE,33032,148,(305) 257-1422,(305) 257-1589
FL,JACKSONVILLE,450 HAMMOND BLVD,32220,42,(904) 781-3141,(904) 781-3654
FL,JACKSONVILLE,5007 NEW KINGS ROAD,32209,131,(904) 764-8615,(904) 764-4613
FL,MIAMI,11858 NW 36TH AVE,33167,105,(305) 685-6608,(305) 685-9921
FL,MIAMI,12850 NW 27TH AVE,33054,33,(305) 688-6400,(305) 688-4932
FL,MIDWAY,1825 COMMERCE BLVD,32343,117,(850) 575-2075,(850) 575-3135
FL,OCALA,7100 NW 44 AVE,34482,108,(352) 732-5823,(352) 732-7368
FL,ORLANDO,8100 MCCOY RD,32822,55,(407) 888-2424,(407) 888-2223
FL,PUNTA GORDA,5017 DUNCAN ROAD,33982,137,(941) 505-9700,(941) 505-5596
FL,RIVERVIEW,12020 US HIGHWAY 301 SOUTH,33578,34,(813) 671-5550,(813) 671-5452
FL,WEST PALM BEACH,7876 BELVEDERE ROADE,33411,70,(561) 798-5158,(561) 798-3750
GA,AUSTELL,2568 OLD ALABAMA ROAD,30168,15,(770) 941-9775,(770) 944-7289
GA,CARTERSVILLE,1880 HWY 113,30120,175,(678) 721-0730,(678) 721-0734
GA,ELLENWOOD,761 CLARK DRIVE,30294,146,(770) 389-1768,(770) 389-8528
GA,GAINESVILLE,1602 ATHENS HIGHWAY,30507,157,(770) 534-0850,(770) 536-7393
GA,LOGANVILLE,6089 HIGHWAY 20,30052,107,(770) 554-6366,(770) 554-8836
GA,SAVANNAH,5510 SILK HOPE ROAD,31405,87,(912) 233-1936,(912) 234-2549
GA,TIFTON,399 OAKRIDGE CHURCH RD,31794,88,(229) 386-4900,(229) 386-5013
GB,BRISTOL,ABLETON LANE,BS10,415,(844)856-6649,(844)856-6650
GB,DEESIDE,PRINCE WILLIAM AVENUEÿ,CH5,405,(844)875-8643,(844)875-8644
GB,COLCHESTER,GUN HILL IPSWICH RD,CO7,416,(844)856-6651,(844)856-6652
GB,PORTGLENONE,C/O PORTGLENONE PEUGEOT PARTS,BT44,420,(282)582-2066,(282)582-2902
GB,PETERLEE,UNIT 4 HACKWORTH ROAD,SR8,409,(844)875-8637,(844)875-8638
GB,ROCHFORD,BRICKFIELD WAY,SS4,407,(844)875-8639,(844)875-8640
GB,BELTON,SANDTOFT INDUSTRIAL ESTATEÿ,DN9,402,(844)875-8839,(844)875-8846
GB,SANDWICH,RAMSGATE ROAD,CT13,403,(844)875-8841,(844)875-8848
GB,SANDY,LONDON ROAD INDUSTRIAL ESTATEÿ,SG19,401,(844)875-8840,(844)875-8847
GB,WESTBURY,STEPHENSON ROAD,BA13,404,(844)875-8836,(844)875-8849
GB,WHITBURN,REDMILL IND EST,EH47,412,(844)875-8838,(844)875-8843
GB,WISBECH,NEWBRIDGE LANE,PE14,408,(844)875-8641,(844)875-8642
GB,WOLVERHAMPTON,BRIDGNORTH ROAD,WV5,419,(844)249-0784,(844)249-0785
GB,YORK,FULL SUTTON INDUSTRIAL ESTATE,YO41,410,(844)875-1916,(844)875-1917
HI,KAPOLEI,91-542 AWAKUMOKO ST,96707,110,(808) 682-8770,(808) 682-8780
IA,DES MOINES,3300 VANDALIA ROAD,50317,60,(515) 262-1900,(515) 262-1990
IA,ELDRIDGE,3601 S 1ST STREET,52748,169,(563) 285-2070,(563) 285-2167
IA,ELDRIDGE,451 BLACKHAWK TRAIL RD,52748,312,(563) 285-2070,(563)285-9223
ID,NAMPA,3716 NORTH MIDDLETON ROAD,83651,72,(208) 463-4040,(208) 442-1001
IE,CO KILDARE,BIGBOG (ON L4015)ÿ,,440,(059)914-4881,(059)914-4889
IL,CHICAGO HEIGHTS,89 E SAUK TRAIL,60411,81,(708) 755-0506,(708) 755-0116
IL,ELGIN,1475 BLUFF CITY BLVD,60120,36,(630) 497-8343,(630) 497-8391
IL,PEKIN,14417 VFW ROAD,61554,51,(309) 347-4196,(309) 347-6202
IL,WHEELING,110 EAST PALATINE ROAD,60090,156,(847) 229-6150,(847) 229-6170
IN,HAMMOND,1849 SUMMER ST,46320,167,(219) 932-0355,(219) 932-0299
IN,HARTFORD CITY,696 EAST STATE ROAD 26,47348,152,(765) 348-4600,(765) 348-3900
IN,INDIANAPOLIS,4040 OFFICE PLAZA BLVD,46254,44,(317) 216-2186,(317) 216-2185
KS,KANSAS CITY,6211 KANSAS AVE,66111,17,(913) 287-6200,(913) 287-4665
KS,WICHITA,4510 S MADISON,67216,67,(316) 554-0123,(316) 554-1012
KY,LAWRENCEBURG,1051 INDUSTRY ROAD,40342,83,(502) 859-0051,(502) 859-0033
KY,LEXINGTON,5801 KASP CT,40509,115,(859) 264-7401,(859) 264-7750
KY,LOUISVILLE,3100 POND STATION RD,40272,143,(502) 361-1881,(502) 361-0544
KY,WALTON,13273,41094,138,(859) 356-4900,(859) 356-5999
LA,GREENWELL SPRINGS,21595 GREENWELL SPRINGS RD,70739,50,(225) 261-0102,(225) 261-0721
LA,NEW ORLEANS,14600 OLD GENTILLY RD,70129,79,(504) 254-3944,(504) 254-9875
LA,SHREVEPORT,5235 GREENWOOD RD,71109,84,(318) 636-4242,(318) 631-3850
MA,MENDON,82 CAPE ROAD,1756,27,(508) 473-4572,(508) 473-0175
MA,NORTH BILLERICA,55R HIGH ST,1862,53,(978) 667-6787,(978) 667-0073
MA,WEST WARREN,600 OLD WEST WARREN RD,1092,149,(413) 436-5013,(413) 436-7409
MD,FINKSBURG,2251 OLD WESTMINSTER PIKE,21048,102,(410) 871-9080,(410) 871-2055
MD,WALDORF,11055 BILLINGSLEY ROAD,20602,32,(301) 870-7844,(301) 870-7490
ME,LYMAN,136 KENNEBUNK POND ROAD,4002,90,(207) 499-7255,(207) 499-7081
MI,DAVISON,5000 N STATE ROAD,48243,159,(810) 653-4161,(810) 653-9307
MI,KINCHELOE,5030 W KINCHELOE ROAD,49788,161,(906) 495-8697,(906) 495-1170
MI,LANSING,3902 SOUTH CANAL RD,48917,103,(517) 322-2455,(517) 322-2198
MI,PORTLAND,8460 S STATE ROAD,48875,160,(616) 374-8818,(616) 374-3181
MI,WOODHAVEN,21000 HAYDEN DRIVE,48183,61,(734) 365-0070,(734) 365-0080
MN,AVON,200 COUNTY ROAD 159,56310,52,(320) 356-2299,(320) 356-7456
MN,EAST BETHEL,21155 HWY 65 NE,55011,311,(763) 434-8822,(763) 434-8824
MN,FRIDLEY,3737 EAST RIVER ROAD,55304,37,(763) 781-1025,(763) 781-1082
MN,HAM LAKE,1526 BUNKER LAKE BLVD,55421,80,(763) 772-0700,(763) 772-0800
MO,BRIDGETON,13033 TAUSSIG AVE,63044,20,(314) 291-8400,(314) 291-6287
MO,COLUMBIA,8485 RICHLAND RD,65201,125,(573) 814-0070,(573) 814-0077
MO,ROGERSVILLE,2889 E US HIGHWAY 60,65742,92,(417) 753-3300,(417) 753-3443
MO,SIKESTON,687 E OUTER RD,63801,141,(573) 471-4550,(573) 471-3309
MS,FLORENCE,205 S RANKIN INDUSTRIAL DRIVE,39073,40,(601) 939-7941,(601) 939-6438
MT,BILLINGS,1090 ISLAND PARK RD,59101,122,(406) 254-7516,(406) 254-1299
MT,HELENA,333 BOZEMAN AVENUE,59601,106,(406) 443-5060,(406) 443-9146
NB,MONCTON,43 SOMERS DR,E1H,206,(506)854-2942,(506)854-2369
NC,CHINA GROVE,1081 RECOVERY ROAD,28023,41,(704) 857-5177,(704) 857-5186
NC,DUNN,310 COPART ROAD,28334,54,(910) 891-1252,(910) 891-1858
NC,MEBANE,1870 US 70 HWY PO BOX 680,27302,154,(336) 578-2934,(336) 578-5671
NE,GREENWOOD,13603 238TH ST,68366,123,(402) 944-3255,(402) 944-2552
NH,CANDIA,111 DEER MEADOW ROAD,3303,155,(603) 748-8110,(603) 746-8116
NJ,GLASSBORO,200 GROVE ST,8028,31,(856) 881-6700,(856) 863-1683
NJ,HILLSBORO,2124 WEST CAMPLAIN ROAD,8844,91,(908) 541-2200,(908) 541-2270
NJ,WINDSOR,108 N MAIN STREET,8561,135,(609) 918-1720,(609) 918-1725
NM,ALBUQUERQUE,7705 BROADWAY SE,87105,75,(505) 877-2424,(505) 873-1152
NV,LAS VEGAS,4810 N LAMB BLVD,89115,57,(702) 638-9300,(702) 638-9494
NV,RENO,9915 N VIRGINIA STREET,89506,100,(775) 322-4377,(775) 322-6883
NY,ALBANY,1916 CENTRAL AVE,12205,94,(518) 452-9313,(518) 452) 6303
NY,BROOKHAVEN,1983 MONTAUK HIGHWAY,11719,30,(631) 776-0994,(631) 776-1724
NY,CENTRAL SQUARE,46 ZUK-PIERCE RD,13036,25,(315) 676-7153,(315) 676-5147
NY,LEROY,4 WEST AVE,14482,35,(585) 768-8160,(585) 768-9391
NY,MARLBORO,91 RIVERVIEW DRIVE,12542,24,(845) 236-3371,(845) 236-7544
OH,COLUMBIA STATION,34417 E ROYALTON ROAD,44028,112,(440) 748-8100,(440) 748-8120
OH,COLOMBUS,1680 WILLIAMS ROAD,43207,29,(614) 497-1590,(614) 497-3698
OH,MORAINE,4691 SPRINGBORO PIKE,45439,166,(937) 296-5371,(937) 296-0380
OH,NORTHFIELD,286 EAST TWINSBURG ROAD,44067,111,(330) 468-1500,(330) 467-8138
OK,OKLAHOMA CITY,2829 SE 15TH STREET,73129,18,(405) 672-5674,(405) 672-9523
OK,TULSA,2408 W 21ST STREET,74107,19,(918) 582-3828,(918) 582-3828
OM,HALBAN IN BARKA,"PLOT 7, BLOCK AL FELAIJ",,475,(097)319-255,
ON,LONDON,1809 GORE ROAD,N5W,202,(519)451-0992,(519)451-0662
ON,COURTICE,175 OSBORNE ROAD,L1E,201,(905)436-2045,(905)436-2763
OR,EUGENE,29815 END ROAD EAST,97402,104,(541) 689-3533,(541) 689-0379
OR,PORTLAND,6900 NE CORNFOOT DRIVE,97218,9,(503) 281-0848,(503)281-2019
OR,WOODBURN,2885 NATIONAL WAY,97071,134,(503) 981-0038,(503) 982-5622
PA,ADAMSBURG,133 ASPHALT LANE,15611,165,(724) 523-9323,(724) 523-2306
PA,CHAMBERSBURG,2962 LINCOLN WAY WEST,17201,128,(717) 264-3331,(717) 264-6395
PA,DURYEA,210 MCALPINE STREET,18642,142,(570) 451-1871,(570) 451-1990
PA,EBENSBURG,4007 ADMIRAL PEARY HWY,15931,129,(814) 472-5392,(814) 472-5914
PA,ELLWOOD CITY,2000 RIVER ROAD,16117,28,(724) 758-0480,(724) 758-1637
PA,GRANTVILLE,8 PARK DRIVE,17028,76,(717) 861-7400,(717) 861-5700
PA,PENNSBURG,2704 GERYVILLE PIKE,18073,26,(215) 679-3164,(215) 679-4322
PA,CHALFONT,77 BRISTOL ROAD,18914,164,(215)996-0971,(215)996-0975
PA,WEST MIFFLIN,526 THOMPSON RUN RD,15122,85,(412) 464-4340,(412) 464-4343
PA,YORK HAVEN,795 SIPE RD,17370,127,(717) 938-1879,(717) 938-2851
QC,MONTREAL-EST,NO DE TAXE (QST) 1220 452 553ÿ,H1B,205,(514)643-3000,(800)643-9241
SC,GASTON,4324 HIGHWAY 321 SOUTH,29053,56,(803) 794-3252,(803) 794-3718
SC,GREER,2465 HIGHWAY 101 SOUTH,29651,144,(864) 877-9113,(864) 877-9344
TN,LEBANON,865 STUMPY LANE,37090,63,(615) 449-6195,(615) 449-6936
TN,MADISONVILLE,6355 B HIGHWAY 411,37354,114,(423) 442-5866,(423) 442-9096
TN,MEMPHIS,5545 SWINNEA RD,38118,22,(901) 398-8989,(901) 398-2377
TX,ABILENE,2630 N BELTWAY,79601,73,(325) 676-2996,(325) 676-4683
TX,AMARILLO,3999 S LOOP 335 E,79118,95,(806) 335-3701,(806) 335-2899
TX,ANTHONY,501 VALLEY CHILI RD,79821,45,(915) 886-5556,(915) 886-6113
TX,CORPUS CHRISTI,3200 AGNES STREET,78403,96,(361) 884-9260ÿ,(361) 884-9247
TX,GRAND PRAIRIE,505 IDLEWILD ROAD,75051,12,(972) 263-2711,(972) 263-9137
TX,HASLET,950 BLUE MOUND ROAD WEST,76052,98,(817) 231-4500,(817) 231-4549
TX,HOUSTON,1655 RANKIN ROAD,77073,11,(281)214-7800,(281) 443-0753
TX,LONGVIEW,3046 HIGHWAY 322 SOUTH,75603,14,(903) 643-9705,(903) 643-9958
TX,LUFKIN,3700 OLD UNION ROAD,75904,13,(936) 639-3558,(936) 634-9771
TX,MERCEDES,301 MILE 1 EAST P.O. BOX 1379,78570,65,(956) 514-4840,(956) 565-5078
TX,NEW BRAUNFELS,8725 N INTERSTATE 35,78130,62,(830) 625-2030,(830) 625-2451
TX,SAN ANTONIO,11130 APPLEWHITE RD,78224,74,(210) 628-1690,(210) 628-1077
TX,TEMPLE,7201 N GENERAL BRUCE DR,76501,182,(254) 773-8924,(254) 773-8968
TX,WILMER,1701 EAST BELTLINE RD,75172,181,(972) 525-6015,(972) 525-6319
UE,DUBAI,COPART - UAEÿ,,475,(044)592-700,
UT,NORTH SALT LAKE,170 W CENTER STREET,84045,49,(801) 294-3000,(801) 294-3584
VA,CHATHAM,12360 US HWY 29,24531,82,(434) 432-3000,(434) 432-3201
VA,HAMPTON,16 NETTLES LANE,23666,162,(757) 766-2750,(757) 766-2753
VA,SANDSTON,5701 WHITESIDE RD,23150,139,(804) 328-1023,(804) 737-8482
WA,AIRWAY HEIGHTS,11019 WEST MCFARLANE ROAD,99001,116,(509) 244-8585,(509) 244-8788
WA,ARLINGTON,16701 51ST AVE NE,98223,48,(360) 651-6299,(360) 651-8403
WA,GRAHAM,21421 MERIDIAN E,98338,64,(253) 847-8300,(253) 847-7787
WA,PASCO,3333 N RAILROAD AVENUE,99301,71,(509) 547-1701,(509) 545-9268
WI,CUDAHY,4825 S WHITNALL AVE,53110,39,(414) 769-7665,(414) 769-0885
WI,MADISON,5448 LIEN ROAD,53718,38,(608) 249-3577,(608) 249-4248
WV,HURRICANE,1746 US ROUTE 60,25526,89,(304) 562-2088,(304) 562-2231
,,,,,,
